base_variant,target_variant,method,estimator,speedup,log2_speedup,base_median_time_ms,target_median_time_ms,stale,base_timestamp,target_timestamp,base_result_file,target_result_file,algorithm_task,target_library,target_device,data_source,data_format,estimator_params,data_params,generation_kwargs,split_kwargs
sklearn,sklearn-cupy-cuda,fit,LogisticRegression,31.80705976921598,4.991275110825687,1212.2346060000382,38.11212400000841,False,2026-06-03T15:22:12+00:00,2026-06-03T15:11:09+00:00,results/sklearn-84397f/sklearn-fast_20260603T152212Z.json,results/sk-nvidia-61e5b4/array-api-nvidia-fast_20260603T151109Z.json,classification,sklearn,cuda,make_classification,cupy,{},"{""format"":""cupy"",""generation_kwargs"":{""n_classes"":2,""n_features"":2,""n_informative"":2,""n_redundant"":0,""n_samples"":5000000},""source"":""make_classification"",""split_kwargs"":{""test_size"":0.2}}","{""n_classes"":2,""n_features"":2,""n_informative"":2,""n_redundant"":0,""n_samples"":5000000}","{""test_size"":0.2}"
sklearn,sklearn-cupy-cuda,fit,LogisticRegression,12.97103801183809,3.697222031270285,181.57534800002395,13.998520999962238,False,2026-06-03T15:22:12+00:00,2026-06-03T15:11:09+00:00,results/sklearn-84397f/sklearn-fast_20260603T152212Z.json,results/sk-nvidia-61e5b4/array-api-nvidia-fast_20260603T151109Z.json,classification,sklearn,cuda,make_classification,cupy,{},"{""format"":""cupy"",""generation_kwargs"":{""n_classes"":2,""n_features"":20,""n_informative"":5,""n_redundant"":0,""n_samples"":500000},""source"":""make_classification"",""split_kwargs"":{""test_size"":0.2}}","{""n_classes"":2,""n_features"":20,""n_informative"":5,""n_redundant"":0,""n_samples"":500000}","{""test_size"":0.2}"
sklearn,sklearn-cupy-cuda,fit,LogisticRegression,2.5163618808421644,1.3313394127394043,66.56711499999801,26.453713000023527,False,2026-06-03T15:22:12+00:00,2026-06-03T15:11:09+00:00,results/sklearn-84397f/sklearn-fast_20260603T152212Z.json,results/sk-nvidia-61e5b4/array-api-nvidia-fast_20260603T151109Z.json,classification,sklearn,cuda,make_classification,cupy,{},"{""format"":""cupy"",""generation_kwargs"":{""n_classes"":2,""n_features"":200,""n_informative"":40,""n_redundant"":0,""n_samples"":50000},""source"":""make_classification"",""split_kwargs"":{""test_size"":0.2}}","{""n_classes"":2,""n_features"":200,""n_informative"":40,""n_redundant"":0,""n_samples"":50000}","{""test_size"":0.2}"
sklearn,sklearn-cupy-cuda,fit,LogisticRegression,0.8948158746054629,-0.16033724393129373,109.29545600004076,122.14295600000469,False,2026-06-03T15:22:12+00:00,2026-06-03T15:11:09+00:00,results/sklearn-84397f/sklearn-fast_20260603T152212Z.json,results/sk-nvidia-61e5b4/array-api-nvidia-fast_20260603T151109Z.json,classification,sklearn,cuda,make_classification,cupy,{},"{""format"":""cupy"",""generation_kwargs"":{""n_classes"":2,""n_features"":2000,""n_informative"":100,""n_redundant"":0,""n_samples"":5000},""source"":""make_classification"",""split_kwargs"":{""test_size"":0.2}}","{""n_classes"":2,""n_features"":2000,""n_informative"":100,""n_redundant"":0,""n_samples"":5000}","{""test_size"":0.2}"
sklearn,sklearn-torch-cpu,fit,LogisticRegression,1.1036894935953896,0.14233434869358613,1212.2346060000382,1098.3475090000638,False,2026-06-03T15:22:12+00:00,2026-06-03T15:14:11+00:00,results/sklearn-84397f/sklearn-fast_20260603T152212Z.json,results/sk-nvidia-61e5b4/array-api-cpu-fast_20260603T151411Z.json,classification,sklearn,cpu,make_classification,torch,{},"{""format"":""torch"",""generation_kwargs"":{""n_classes"":2,""n_features"":2,""n_informative"":2,""n_redundant"":0,""n_samples"":5000000},""source"":""make_classification"",""split_kwargs"":{""test_size"":0.2}}","{""n_classes"":2,""n_features"":2,""n_informative"":2,""n_redundant"":0,""n_samples"":5000000}","{""test_size"":0.2}"
sklearn,sklearn-torch-cpu,fit,LogisticRegression,0.43195442018567487,-1.211049007594332,181.57534800002395,420.3576569999541,False,2026-06-03T15:22:12+00:00,2026-06-03T15:14:11+00:00,results/sklearn-84397f/sklearn-fast_20260603T152212Z.json,results/sk-nvidia-61e5b4/array-api-cpu-fast_20260603T151411Z.json,classification,sklearn,cpu,make_classification,torch,{},"{""format"":""torch"",""generation_kwargs"":{""n_classes"":2,""n_features"":20,""n_informative"":5,""n_redundant"":0,""n_samples"":500000},""source"":""make_classification"",""split_kwargs"":{""test_size"":0.2}}","{""n_classes"":2,""n_features"":20,""n_informative"":5,""n_redundant"":0,""n_samples"":500000}","{""test_size"":0.2}"
sklearn,sklearn-torch-cpu,fit,LogisticRegression,0.21552467456361948,-2.2140750476947395,66.56711499999801,308.86076100000537,False,2026-06-03T15:22:12+00:00,2026-06-03T15:14:11+00:00,results/sklearn-84397f/sklearn-fast_20260603T152212Z.json,results/sk-nvidia-61e5b4/array-api-cpu-fast_20260603T151411Z.json,classification,sklearn,cpu,make_classification,torch,{},"{""format"":""torch"",""generation_kwargs"":{""n_classes"":2,""n_features"":200,""n_informative"":40,""n_redundant"":0,""n_samples"":50000},""source"":""make_classification"",""split_kwargs"":{""test_size"":0.2}}","{""n_classes"":2,""n_features"":200,""n_informative"":40,""n_redundant"":0,""n_samples"":50000}","{""test_size"":0.2}"
sklearn,sklearn-torch-cpu,fit,LogisticRegression,0.04439530783943675,-4.493448984246444,109.29545600004076,2461.8695379999735,False,2026-06-03T15:22:12+00:00,2026-06-03T15:14:11+00:00,results/sklearn-84397f/sklearn-fast_20260603T152212Z.json,results/sk-nvidia-61e5b4/array-api-cpu-fast_20260603T151411Z.json,classification,sklearn,cpu,make_classification,torch,{},"{""format"":""torch"",""generation_kwargs"":{""n_classes"":2,""n_features"":2000,""n_informative"":100,""n_redundant"":0,""n_samples"":5000},""source"":""make_classification"",""split_kwargs"":{""test_size"":0.2}}","{""n_classes"":2,""n_features"":2000,""n_informative"":100,""n_redundant"":0,""n_samples"":5000}","{""test_size"":0.2}"
sklearn,sklearn-torch-cuda,fit,LogisticRegression,32.85105660747756,5.037867868413759,1212.2346060000382,36.90093199998046,False,2026-06-03T15:22:12+00:00,2026-06-03T15:11:09+00:00,results/sklearn-84397f/sklearn-fast_20260603T152212Z.json,results/sk-nvidia-61e5b4/array-api-nvidia-fast_20260603T151109Z.json,classification,sklearn,cuda,make_classification,torch,{},"{""format"":""torch"",""generation_kwargs"":{""n_classes"":2,""n_features"":2,""n_informative"":2,""n_redundant"":0,""n_samples"":5000000},""source"":""make_classification"",""split_kwargs"":{""test_size"":0.2}}","{""n_classes"":2,""n_features"":2,""n_informative"":2,""n_redundant"":0,""n_samples"":5000000}","{""test_size"":0.2}"
sklearn,sklearn-torch-cuda,fit,LogisticRegression,15.458754682770907,3.9503521990560704,181.57534800002395,11.745793999978105,False,2026-06-03T15:22:12+00:00,2026-06-03T15:11:09+00:00,results/sklearn-84397f/sklearn-fast_20260603T152212Z.json,results/sk-nvidia-61e5b4/array-api-nvidia-fast_20260603T151109Z.json,classification,sklearn,cuda,make_classification,torch,{},"{""format"":""torch"",""generation_kwargs"":{""n_classes"":2,""n_features"":20,""n_informative"":5,""n_redundant"":0,""n_samples"":500000},""source"":""make_classification"",""split_kwargs"":{""test_size"":0.2}}","{""n_classes"":2,""n_features"":20,""n_informative"":5,""n_redundant"":0,""n_samples"":500000}","{""test_size"":0.2}"
sklearn,sklearn-torch-cuda,fit,LogisticRegression,3.0177678385047964,1.593481821397684,66.56711499999801,22.05839499998774,False,2026-06-03T15:22:12+00:00,2026-06-03T15:11:09+00:00,results/sklearn-84397f/sklearn-fast_20260603T152212Z.json,results/sk-nvidia-61e5b4/array-api-nvidia-fast_20260603T151109Z.json,classification,sklearn,cuda,make_classification,torch,{},"{""format"":""torch"",""generation_kwargs"":{""n_classes"":2,""n_features"":200,""n_informative"":40,""n_redundant"":0,""n_samples"":50000},""source"":""make_classification"",""split_kwargs"":{""test_size"":0.2}}","{""n_classes"":2,""n_features"":200,""n_informative"":40,""n_redundant"":0,""n_samples"":50000}","{""test_size"":0.2}"
sklearn,sklearn-torch-cuda,fit,LogisticRegression,1.0900725825037365,0.12442420007735104,109.29545600004076,100.26438400001325,False,2026-06-03T15:22:12+00:00,2026-06-03T15:11:09+00:00,results/sklearn-84397f/sklearn-fast_20260603T152212Z.json,results/sk-nvidia-61e5b4/array-api-nvidia-fast_20260603T151109Z.json,classification,sklearn,cuda,make_classification,torch,{},"{""format"":""torch"",""generation_kwargs"":{""n_classes"":2,""n_features"":2000,""n_informative"":100,""n_redundant"":0,""n_samples"":5000},""source"":""make_classification"",""split_kwargs"":{""test_size"":0.2}}","{""n_classes"":2,""n_features"":2000,""n_informative"":100,""n_redundant"":0,""n_samples"":5000}","{""test_size"":0.2}"
sklearn,sklearn-cupy-cuda,fit,Ridge,18.257466896910138,4.190414709674304,230.6549959999984,12.63346099995033,False,2026-06-03T15:22:12+00:00,2026-06-03T15:11:09+00:00,results/sklearn-84397f/sklearn-fast_20260603T152212Z.json,results/sk-nvidia-61e5b4/array-api-nvidia-fast_20260603T151109Z.json,regression,sklearn,cuda,make_regression,cupy,"{""solver"":""svd""}","{""format"":""cupy"",""generation_kwargs"":{""n_features"":2,""n_informative"":2,""n_samples"":5000000},""order"":""C"",""source"":""make_regression"",""split_kwargs"":{""test_size"":0.2}}","{""n_features"":2,""n_informative"":2,""n_samples"":5000000}","{""test_size"":0.2}"
sklearn,sklearn-cupy-cuda,fit,Ridge,18.58124989601718,4.215775644946794,225.48632899997756,12.135153999963677,False,2026-06-03T15:22:12+00:00,2026-06-03T15:11:09+00:00,results/sklearn-84397f/sklearn-fast_20260603T152212Z.json,results/sk-nvidia-61e5b4/array-api-nvidia-fast_20260603T151109Z.json,regression,sklearn,cuda,make_regression,cupy,"{""solver"":""svd""}","{""format"":""cupy"",""generation_kwargs"":{""n_features"":20,""n_informative"":5,""n_samples"":500000},""order"":""C"",""source"":""make_regression"",""split_kwargs"":{""test_size"":0.2}}","{""n_features"":20,""n_informative"":5,""n_samples"":500000}","{""test_size"":0.2}"
sklearn,sklearn-cupy-cuda,fit,Ridge,12.722184835853362,3.6692745470487464,295.56001700007073,23.23185999995303,False,2026-06-03T15:22:12+00:00,2026-06-03T15:11:09+00:00,results/sklearn-84397f/sklearn-fast_20260603T152212Z.json,results/sk-nvidia-61e5b4/array-api-nvidia-fast_20260603T151109Z.json,regression,sklearn,cuda,make_regression,cupy,"{""solver"":""svd""}","{""format"":""cupy"",""generation_kwargs"":{""n_features"":200,""n_informative"":40,""n_samples"":50000},""order"":""C"",""source"":""make_regression"",""split_kwargs"":{""test_size"":0.2}}","{""n_features"":200,""n_informative"":40,""n_samples"":50000}","{""test_size"":0.2}"
sklearn,sklearn-cupy-cuda,fit,Ridge,4.802234498356356,2.2637058536632195,2086.7898089999244,434.54558700000234,False,2026-06-03T15:22:12+00:00,2026-06-03T15:11:09+00:00,results/sklearn-84397f/sklearn-fast_20260603T152212Z.json,results/sk-nvidia-61e5b4/array-api-nvidia-fast_20260603T151109Z.json,regression,sklearn,cuda,make_regression,cupy,"{""solver"":""svd""}","{""format"":""cupy"",""generation_kwargs"":{""n_features"":2000,""n_informative"":100,""n_samples"":5000},""order"":""C"",""source"":""make_regression"",""split_kwargs"":{""test_size"":0.2}}","{""n_features"":2000,""n_informative"":100,""n_samples"":5000}","{""test_size"":0.2}"
sklearn,sklearn-torch-cpu,fit,Ridge,1.0263573356292373,0.03753310578631959,230.6549959999984,224.731668000004,False,2026-06-03T15:22:12+00:00,2026-06-03T15:14:11+00:00,results/sklearn-84397f/sklearn-fast_20260603T152212Z.json,results/sk-nvidia-61e5b4/array-api-cpu-fast_20260603T151411Z.json,regression,sklearn,cpu,make_regression,torch,"{""solver"":""svd""}","{""format"":""torch"",""generation_kwargs"":{""n_features"":2,""n_informative"":2,""n_samples"":5000000},""order"":""C"",""source"":""make_regression"",""split_kwargs"":{""test_size"":0.2}}","{""n_features"":2,""n_informative"":2,""n_samples"":5000000}","{""test_size"":0.2}"
sklearn,sklearn-torch-cpu,fit,Ridge,2.4678997508340985,1.3032837916056597,225.48632899997756,91.36770199995681,False,2026-06-03T15:22:12+00:00,2026-06-03T15:14:11+00:00,results/sklearn-84397f/sklearn-fast_20260603T152212Z.json,results/sk-nvidia-61e5b4/array-api-cpu-fast_20260603T151411Z.json,regression,sklearn,cpu,make_regression,torch,"{""solver"":""svd""}","{""format"":""torch"",""generation_kwargs"":{""n_features"":20,""n_informative"":5,""n_samples"":500000},""order"":""C"",""source"":""make_regression"",""split_kwargs"":{""test_size"":0.2}}","{""n_features"":20,""n_informative"":5,""n_samples"":500000}","{""test_size"":0.2}"
sklearn,sklearn-torch-cpu,fit,Ridge,2.914165860397791,1.5430829910481827,295.56001700007073,101.4218239999991,False,2026-06-03T15:22:12+00:00,2026-06-03T15:14:11+00:00,results/sklearn-84397f/sklearn-fast_20260603T152212Z.json,results/sk-nvidia-61e5b4/array-api-cpu-fast_20260603T151411Z.json,regression,sklearn,cpu,make_regression,torch,"{""solver"":""svd""}","{""format"":""torch"",""generation_kwargs"":{""n_features"":200,""n_informative"":40,""n_samples"":50000},""order"":""C"",""source"":""make_regression"",""split_kwargs"":{""test_size"":0.2}}","{""n_features"":200,""n_informative"":40,""n_samples"":50000}","{""test_size"":0.2}"
sklearn,sklearn-torch-cpu,fit,Ridge,2.228371395611102,1.155989702136174,2086.7898089999244,936.4640979999876,False,2026-06-03T15:22:12+00:00,2026-06-03T15:14:11+00:00,results/sklearn-84397f/sklearn-fast_20260603T152212Z.json,results/sk-nvidia-61e5b4/array-api-cpu-fast_20260603T151411Z.json,regression,sklearn,cpu,make_regression,torch,"{""solver"":""svd""}","{""format"":""torch"",""generation_kwargs"":{""n_features"":2000,""n_informative"":100,""n_samples"":5000},""order"":""C"",""source"":""make_regression"",""split_kwargs"":{""test_size"":0.2}}","{""n_features"":2000,""n_informative"":100,""n_samples"":5000}","{""test_size"":0.2}"
sklearn,sklearn-torch-cuda,fit,Ridge,21.625589967845077,4.43466758634536,230.6549959999984,10.665835999986939,False,2026-06-03T15:22:12+00:00,2026-06-03T15:11:09+00:00,results/sklearn-84397f/sklearn-fast_20260603T152212Z.json,results/sk-nvidia-61e5b4/array-api-nvidia-fast_20260603T151109Z.json,regression,sklearn,cuda,make_regression,torch,"{""solver"":""svd""}","{""format"":""torch"",""generation_kwargs"":{""n_features"":2,""n_informative"":2,""n_samples"":5000000},""order"":""C"",""source"":""make_regression"",""split_kwargs"":{""test_size"":0.2}}","{""n_features"":2,""n_informative"":2,""n_samples"":5000000}","{""test_size"":0.2}"
sklearn,sklearn-torch-cuda,fit,Ridge,22.269583879256402,4.477002695629052,225.48632899997756,10.125304999974105,False,2026-06-03T15:22:12+00:00,2026-06-03T15:11:09+00:00,results/sklearn-84397f/sklearn-fast_20260603T152212Z.json,results/sk-nvidia-61e5b4/array-api-nvidia-fast_20260603T151109Z.json,regression,sklearn,cuda,make_regression,torch,"{""solver"":""svd""}","{""format"":""torch"",""generation_kwargs"":{""n_features"":20,""n_informative"":5,""n_samples"":500000},""order"":""C"",""source"":""make_regression"",""split_kwargs"":{""test_size"":0.2}}","{""n_features"":20,""n_informative"":5,""n_samples"":500000}","{""test_size"":0.2}"
sklearn,sklearn-torch-cuda,fit,Ridge,17.540233278658693,4.13259603011163,295.56001700007073,16.850404000024355,False,2026-06-03T15:22:12+00:00,2026-06-03T15:11:09+00:00,results/sklearn-84397f/sklearn-fast_20260603T152212Z.json,results/sk-nvidia-61e5b4/array-api-nvidia-fast_20260603T151109Z.json,regression,sklearn,cuda,make_regression,torch,"{""solver"":""svd""}","{""format"":""torch"",""generation_kwargs"":{""n_features"":200,""n_informative"":40,""n_samples"":50000},""order"":""C"",""source"":""make_regression"",""split_kwargs"":{""test_size"":0.2}}","{""n_features"":200,""n_informative"":40,""n_samples"":50000}","{""test_size"":0.2}"
sklearn,sklearn-torch-cuda,fit,Ridge,3.7611484409597815,1.9111732462374231,2086.7898089999244,554.827825000018,False,2026-06-03T15:22:12+00:00,2026-06-03T15:11:09+00:00,results/sklearn-84397f/sklearn-fast_20260603T152212Z.json,results/sk-nvidia-61e5b4/array-api-nvidia-fast_20260603T151109Z.json,regression,sklearn,cuda,make_regression,torch,"{""solver"":""svd""}","{""format"":""torch"",""generation_kwargs"":{""n_features"":2000,""n_informative"":100,""n_samples"":5000},""order"":""C"",""source"":""make_regression"",""split_kwargs"":{""test_size"":0.2}}","{""n_features"":2000,""n_informative"":100,""n_samples"":5000}","{""test_size"":0.2}"
sklearn,sklearn-cupy-cuda,fit,RidgeClassifier,8.89511466189586,3.1530132025787028,559.2394880000029,62.87040799998067,False,2026-06-03T15:22:12+00:00,2026-06-03T15:11:09+00:00,results/sklearn-84397f/sklearn-fast_20260603T152212Z.json,results/sk-nvidia-61e5b4/array-api-nvidia-fast_20260603T151109Z.json,classification,sklearn,cuda,make_classification,cupy,"{""solver"":""svd""}","{""format"":""cupy"",""generation_kwargs"":{""n_classes"":2,""n_features"":2,""n_informative"":2,""n_redundant"":0,""n_samples"":5000000},""source"":""make_classification"",""split_kwargs"":{""test_size"":0.2}}","{""n_classes"":2,""n_features"":2,""n_informative"":2,""n_redundant"":0,""n_samples"":5000000}","{""test_size"":0.2}"
sklearn,sklearn-cupy-cuda,fit,RidgeClassifier,11.964745306590194,3.5807177814561983,271.92432200001804,22.727130000021134,False,2026-06-03T15:22:12+00:00,2026-06-03T15:11:09+00:00,results/sklearn-84397f/sklearn-fast_20260603T152212Z.json,results/sk-nvidia-61e5b4/array-api-nvidia-fast_20260603T151109Z.json,classification,sklearn,cuda,make_classification,cupy,"{""solver"":""svd""}","{""format"":""cupy"",""generation_kwargs"":{""n_classes"":2,""n_features"":20,""n_informative"":5,""n_redundant"":0,""n_samples"":500000},""source"":""make_classification"",""split_kwargs"":{""test_size"":0.2}}","{""n_classes"":2,""n_features"":20,""n_informative"":5,""n_redundant"":0,""n_samples"":500000}","{""test_size"":0.2}"
sklearn,sklearn-cupy-cuda,fit,RidgeClassifier,9.879659122733706,3.304461265451097,311.9769019999694,31.57769899996765,False,2026-06-03T15:22:12+00:00,2026-06-03T15:11:09+00:00,results/sklearn-84397f/sklearn-fast_20260603T152212Z.json,results/sk-nvidia-61e5b4/array-api-nvidia-fast_20260603T151109Z.json,classification,sklearn,cuda,make_classification,cupy,"{""solver"":""svd""}","{""format"":""cupy"",""generation_kwargs"":{""n_classes"":2,""n_features"":200,""n_informative"":40,""n_redundant"":0,""n_samples"":50000},""source"":""make_classification"",""split_kwargs"":{""test_size"":0.2}}","{""n_classes"":2,""n_features"":200,""n_informative"":40,""n_redundant"":0,""n_samples"":50000}","{""test_size"":0.2}"
sklearn,sklearn-cupy-cuda,fit,RidgeClassifier,4.921967710918061,2.2992351934622275,2038.7842279999404,414.2213739999647,False,2026-06-03T15:22:12+00:00,2026-06-03T15:11:09+00:00,results/sklearn-84397f/sklearn-fast_20260603T152212Z.json,results/sk-nvidia-61e5b4/array-api-nvidia-fast_20260603T151109Z.json,classification,sklearn,cuda,make_classification,cupy,"{""solver"":""svd""}","{""format"":""cupy"",""generation_kwargs"":{""n_classes"":2,""n_features"":2000,""n_informative"":100,""n_redundant"":0,""n_samples"":5000},""source"":""make_classification"",""split_kwargs"":{""test_size"":0.2}}","{""n_classes"":2,""n_features"":2000,""n_informative"":100,""n_redundant"":0,""n_samples"":5000}","{""test_size"":0.2}"
sklearn,sklearn-torch-cpu,fit,RidgeClassifier,0.8887803328351094,-0.17010120214233795,559.2394880000029,629.2212680000375,False,2026-06-03T15:22:12+00:00,2026-06-03T15:14:11+00:00,results/sklearn-84397f/sklearn-fast_20260603T152212Z.json,results/sk-nvidia-61e5b4/array-api-cpu-fast_20260603T151411Z.json,classification,sklearn,cpu,make_classification,torch,"{""solver"":""svd""}","{""format"":""torch"",""generation_kwargs"":{""n_classes"":2,""n_features"":2,""n_informative"":2,""n_redundant"":0,""n_samples"":5000000},""source"":""make_classification"",""split_kwargs"":{""test_size"":0.2}}","{""n_classes"":2,""n_features"":2,""n_informative"":2,""n_redundant"":0,""n_samples"":5000000}","{""test_size"":0.2}"
sklearn,sklearn-torch-cpu,fit,RidgeClassifier,2.5809368289214953,1.3678948304218062,271.92432200001804,105.35876699998425,False,2026-06-03T15:22:12+00:00,2026-06-03T15:14:11+00:00,results/sklearn-84397f/sklearn-fast_20260603T152212Z.json,results/sk-nvidia-61e5b4/array-api-cpu-fast_20260603T151411Z.json,classification,sklearn,cpu,make_classification,torch,"{""solver"":""svd""}","{""format"":""torch"",""generation_kwargs"":{""n_classes"":2,""n_features"":20,""n_informative"":5,""n_redundant"":0,""n_samples"":500000},""source"":""make_classification"",""split_kwargs"":{""test_size"":0.2}}","{""n_classes"":2,""n_features"":20,""n_informative"":5,""n_redundant"":0,""n_samples"":500000}","{""test_size"":0.2}"
sklearn,sklearn-torch-cpu,fit,RidgeClassifier,3.535272214866344,1.8218213063833493,311.9769019999694,88.24692500002129,False,2026-06-03T15:22:12+00:00,2026-06-03T15:14:11+00:00,results/sklearn-84397f/sklearn-fast_20260603T152212Z.json,results/sk-nvidia-61e5b4/array-api-cpu-fast_20260603T151411Z.json,classification,sklearn,cpu,make_classification,torch,"{""solver"":""svd""}","{""format"":""torch"",""generation_kwargs"":{""n_classes"":2,""n_features"":200,""n_informative"":40,""n_redundant"":0,""n_samples"":50000},""source"":""make_classification"",""split_kwargs"":{""test_size"":0.2}}","{""n_classes"":2,""n_features"":200,""n_informative"":40,""n_redundant"":0,""n_samples"":50000}","{""test_size"":0.2}"
sklearn,sklearn-torch-cpu,fit,RidgeClassifier,2.2000532009526093,1.1375384109419748,2038.7842279999404,926.6976939999267,False,2026-06-03T15:22:12+00:00,2026-06-03T15:14:11+00:00,results/sklearn-84397f/sklearn-fast_20260603T152212Z.json,results/sk-nvidia-61e5b4/array-api-cpu-fast_20260603T151411Z.json,classification,sklearn,cpu,make_classification,torch,"{""solver"":""svd""}","{""format"":""torch"",""generation_kwargs"":{""n_classes"":2,""n_features"":2000,""n_informative"":100,""n_redundant"":0,""n_samples"":5000},""source"":""make_classification"",""split_kwargs"":{""test_size"":0.2}}","{""n_classes"":2,""n_features"":2000,""n_informative"":100,""n_redundant"":0,""n_samples"":5000}","{""test_size"":0.2}"
sklearn,sklearn-torch-cuda,fit,RidgeClassifier,5.904688605154609,2.5618609783955133,559.2394880000029,94.71108899998626,False,2026-06-03T15:22:12+00:00,2026-06-03T15:11:09+00:00,results/sklearn-84397f/sklearn-fast_20260603T152212Z.json,results/sk-nvidia-61e5b4/array-api-nvidia-fast_20260603T151109Z.json,classification,sklearn,cuda,make_classification,torch,"{""solver"":""svd""}","{""format"":""torch"",""generation_kwargs"":{""n_classes"":2,""n_features"":2,""n_informative"":2,""n_redundant"":0,""n_samples"":5000000},""source"":""make_classification"",""split_kwargs"":{""test_size"":0.2}}","{""n_classes"":2,""n_features"":2,""n_informative"":2,""n_redundant"":0,""n_samples"":5000000}","{""test_size"":0.2}"
sklearn,sklearn-torch-cuda,fit,RidgeClassifier,15.760286216911545,3.9782218301873242,271.92432200001804,17.253767999989122,False,2026-06-03T15:22:12+00:00,2026-06-03T15:11:09+00:00,results/sklearn-84397f/sklearn-fast_20260603T152212Z.json,results/sk-nvidia-61e5b4/array-api-nvidia-fast_20260603T151109Z.json,classification,sklearn,cuda,make_classification,torch,"{""solver"":""svd""}","{""format"":""torch"",""generation_kwargs"":{""n_classes"":2,""n_features"":20,""n_informative"":5,""n_redundant"":0,""n_samples"":500000},""source"":""make_classification"",""split_kwargs"":{""test_size"":0.2}}","{""n_classes"":2,""n_features"":20,""n_informative"":5,""n_redundant"":0,""n_samples"":500000}","{""test_size"":0.2}"
sklearn,sklearn-torch-cuda,fit,RidgeClassifier,15.05109148032756,3.911796207530683,311.9769019999694,20.72785899997598,False,2026-06-03T15:22:12+00:00,2026-06-03T15:11:09+00:00,results/sklearn-84397f/sklearn-fast_20260603T152212Z.json,results/sk-nvidia-61e5b4/array-api-nvidia-fast_20260603T151109Z.json,classification,sklearn,cuda,make_classification,torch,"{""solver"":""svd""}","{""format"":""torch"",""generation_kwargs"":{""n_classes"":2,""n_features"":200,""n_informative"":40,""n_redundant"":0,""n_samples"":50000},""source"":""make_classification"",""split_kwargs"":{""test_size"":0.2}}","{""n_classes"":2,""n_features"":200,""n_informative"":40,""n_redundant"":0,""n_samples"":50000}","{""test_size"":0.2}"
sklearn,sklearn-torch-cuda,fit,RidgeClassifier,3.671064779022984,1.87619857222843,2038.7842279999404,555.3659089999883,False,2026-06-03T15:22:12+00:00,2026-06-03T15:11:09+00:00,results/sklearn-84397f/sklearn-fast_20260603T152212Z.json,results/sk-nvidia-61e5b4/array-api-nvidia-fast_20260603T151109Z.json,classification,sklearn,cuda,make_classification,torch,"{""solver"":""svd""}","{""format"":""torch"",""generation_kwargs"":{""n_classes"":2,""n_features"":2000,""n_informative"":100,""n_redundant"":0,""n_samples"":5000},""source"":""make_classification"",""split_kwargs"":{""test_size"":0.2}}","{""n_classes"":2,""n_features"":2000,""n_informative"":100,""n_redundant"":0,""n_samples"":5000}","{""test_size"":0.2}"
sklearn,sklearn-cupy-cuda,predict,LogisticRegression,4.039003916056655,2.013999544821088,3.233363999925132,0.8005349999962164,False,2026-06-03T15:22:12+00:00,2026-06-03T15:11:09+00:00,results/sklearn-84397f/sklearn-fast_20260603T152212Z.json,results/sk-nvidia-61e5b4/array-api-nvidia-fast_20260603T151109Z.json,classification,sklearn,cuda,make_classification,cupy,{},"{""format"":""cupy"",""generation_kwargs"":{""n_classes"":2,""n_features"":2,""n_informative"":2,""n_redundant"":0,""n_samples"":5000000},""source"":""make_classification"",""split_kwargs"":{""test_size"":0.2}}","{""n_classes"":2,""n_features"":2,""n_informative"":2,""n_redundant"":0,""n_samples"":5000000}","{""test_size"":0.2}"
sklearn,sklearn-cupy-cuda,predict,LogisticRegression,1.9534967238004095,0.9660588359869734,1.5231160000439559,0.7796869999765477,False,2026-06-03T15:22:12+00:00,2026-06-03T15:11:09+00:00,results/sklearn-84397f/sklearn-fast_20260603T152212Z.json,results/sk-nvidia-61e5b4/array-api-nvidia-fast_20260603T151109Z.json,classification,sklearn,cuda,make_classification,cupy,{},"{""format"":""cupy"",""generation_kwargs"":{""n_classes"":2,""n_features"":20,""n_informative"":5,""n_redundant"":0,""n_samples"":500000},""source"":""make_classification"",""split_kwargs"":{""test_size"":0.2}}","{""n_classes"":2,""n_features"":20,""n_informative"":5,""n_redundant"":0,""n_samples"":500000}","{""test_size"":0.2}"
sklearn,sklearn-cupy-cuda,predict,LogisticRegression,2.6666995021032562,1.415055263490051,2.111561999981859,0.7918260000110422,False,2026-06-03T15:22:12+00:00,2026-06-03T15:11:09+00:00,results/sklearn-84397f/sklearn-fast_20260603T152212Z.json,results/sk-nvidia-61e5b4/array-api-nvidia-fast_20260603T151109Z.json,classification,sklearn,cuda,make_classification,cupy,{},"{""format"":""cupy"",""generation_kwargs"":{""n_classes"":2,""n_features"":200,""n_informative"":40,""n_redundant"":0,""n_samples"":50000},""source"":""make_classification"",""split_kwargs"":{""test_size"":0.2}}","{""n_classes"":2,""n_features"":200,""n_informative"":40,""n_redundant"":0,""n_samples"":50000}","{""test_size"":0.2}"
sklearn,sklearn-cupy-cuda,predict,LogisticRegression,11.73192316870935,3.552367623048077,9.266306999961671,0.7898370000134491,False,2026-06-03T15:22:12+00:00,2026-06-03T15:11:09+00:00,results/sklearn-84397f/sklearn-fast_20260603T152212Z.json,results/sk-nvidia-61e5b4/array-api-nvidia-fast_20260603T151109Z.json,classification,sklearn,cuda,make_classification,cupy,{},"{""format"":""cupy"",""generation_kwargs"":{""n_classes"":2,""n_features"":2000,""n_informative"":100,""n_redundant"":0,""n_samples"":5000},""source"":""make_classification"",""split_kwargs"":{""test_size"":0.2}}","{""n_classes"":2,""n_features"":2000,""n_informative"":100,""n_redundant"":0,""n_samples"":5000}","{""test_size"":0.2}"
sklearn,sklearn-torch-cpu,predict,LogisticRegression,0.39361248470873234,-1.3451521136875388,3.233363999925132,8.214586999997664,False,2026-06-03T15:22:12+00:00,2026-06-03T15:14:11+00:00,results/sklearn-84397f/sklearn-fast_20260603T152212Z.json,results/sk-nvidia-61e5b4/array-api-cpu-fast_20260603T151411Z.json,classification,sklearn,cpu,make_classification,torch,{},"{""format"":""torch"",""generation_kwargs"":{""n_classes"":2,""n_features"":2,""n_informative"":2,""n_redundant"":0,""n_samples"":5000000},""source"":""make_classification"",""split_kwargs"":{""test_size"":0.2}}","{""n_classes"":2,""n_features"":2,""n_informative"":2,""n_redundant"":0,""n_samples"":5000000}","{""test_size"":0.2}"
sklearn,sklearn-torch-cpu,predict,LogisticRegression,1.2963031365721214,0.37440312755182104,1.5231160000439559,1.1749689999760449,False,2026-06-03T15:22:12+00:00,2026-06-03T15:14:11+00:00,results/sklearn-84397f/sklearn-fast_20260603T152212Z.json,results/sk-nvidia-61e5b4/array-api-cpu-fast_20260603T151411Z.json,classification,sklearn,cpu,make_classification,torch,{},"{""format"":""torch"",""generation_kwargs"":{""n_classes"":2,""n_features"":20,""n_informative"":5,""n_redundant"":0,""n_samples"":500000},""source"":""make_classification"",""split_kwargs"":{""test_size"":0.2}}","{""n_classes"":2,""n_features"":20,""n_informative"":5,""n_redundant"":0,""n_samples"":500000}","{""test_size"":0.2}"
sklearn,sklearn-torch-cpu,predict,LogisticRegression,2.020355089720241,1.0146088777083153,2.111561999981859,1.045144000045184,False,2026-06-03T15:22:12+00:00,2026-06-03T15:14:11+00:00,results/sklearn-84397f/sklearn-fast_20260603T152212Z.json,results/sk-nvidia-61e5b4/array-api-cpu-fast_20260603T151411Z.json,classification,sklearn,cpu,make_classification,torch,{},"{""format"":""torch"",""generation_kwargs"":{""n_classes"":2,""n_features"":200,""n_informative"":40,""n_redundant"":0,""n_samples"":50000},""source"":""make_classification"",""split_kwargs"":{""test_size"":0.2}}","{""n_classes"":2,""n_features"":200,""n_informative"":40,""n_redundant"":0,""n_samples"":50000}","{""test_size"":0.2}"
sklearn,sklearn-torch-cpu,predict,LogisticRegression,1.5643252142390738,0.6455404718499494,9.266306999961671,5.923516999928324,False,2026-06-03T15:22:12+00:00,2026-06-03T15:14:11+00:00,results/sklearn-84397f/sklearn-fast_20260603T152212Z.json,results/sk-nvidia-61e5b4/array-api-cpu-fast_20260603T151411Z.json,classification,sklearn,cpu,make_classification,torch,{},"{""format"":""torch"",""generation_kwargs"":{""n_classes"":2,""n_features"":2000,""n_informative"":100,""n_redundant"":0,""n_samples"":5000},""source"":""make_classification"",""split_kwargs"":{""test_size"":0.2}}","{""n_classes"":2,""n_features"":2000,""n_informative"":100,""n_redundant"":0,""n_samples"":5000}","{""test_size"":0.2}"
sklearn,sklearn-torch-cuda,predict,LogisticRegression,4.5279502584306766,2.178858109603197,3.233363999925132,0.7140899999740213,False,2026-06-03T15:22:12+00:00,2026-06-03T15:11:09+00:00,results/sklearn-84397f/sklearn-fast_20260603T152212Z.json,results/sk-nvidia-61e5b4/array-api-nvidia-fast_20260603T151109Z.json,classification,sklearn,cuda,make_classification,torch,{},"{""format"":""torch"",""generation_kwargs"":{""n_classes"":2,""n_features"":2,""n_informative"":2,""n_redundant"":0,""n_samples"":5000000},""source"":""make_classification"",""split_kwargs"":{""test_size"":0.2}}","{""n_classes"":2,""n_features"":2,""n_informative"":2,""n_redundant"":0,""n_samples"":5000000}","{""test_size"":0.2}"
sklearn,sklearn-torch-cuda,predict,LogisticRegression,1.9435358429708816,0.9586837143143689,1.5231160000439559,0.7836830000087502,False,2026-06-03T15:22:12+00:00,2026-06-03T15:11:09+00:00,results/sklearn-84397f/sklearn-fast_20260603T152212Z.json,results/sk-nvidia-61e5b4/array-api-nvidia-fast_20260603T151109Z.json,classification,sklearn,cuda,make_classification,torch,{},"{""format"":""torch"",""generation_kwargs"":{""n_classes"":2,""n_features"":20,""n_informative"":5,""n_redundant"":0,""n_samples"":500000},""source"":""make_classification"",""split_kwargs"":{""test_size"":0.2}}","{""n_classes"":2,""n_features"":20,""n_informative"":5,""n_redundant"":0,""n_samples"":500000}","{""test_size"":0.2}"
sklearn,sklearn-torch-cuda,predict,LogisticRegression,2.6833453210580602,1.4240327276958067,2.111561999981859,0.7869140000025254,False,2026-06-03T15:22:12+00:00,2026-06-03T15:11:09+00:00,results/sklearn-84397f/sklearn-fast_20260603T152212Z.json,results/sk-nvidia-61e5b4/array-api-nvidia-fast_20260603T151109Z.json,classification,sklearn,cuda,make_classification,torch,{},"{""format"":""torch"",""generation_kwargs"":{""n_classes"":2,""n_features"":200,""n_informative"":40,""n_redundant"":0,""n_samples"":50000},""source"":""make_classification"",""split_kwargs"":{""test_size"":0.2}}","{""n_classes"":2,""n_features"":200,""n_informative"":40,""n_redundant"":0,""n_samples"":50000}","{""test_size"":0.2}"
sklearn,sklearn-torch-cuda,predict,LogisticRegression,11.684907599440123,3.5465744206763437,9.266306999961671,0.7930149999992864,False,2026-06-03T15:22:12+00:00,2026-06-03T15:11:09+00:00,results/sklearn-84397f/sklearn-fast_20260603T152212Z.json,results/sk-nvidia-61e5b4/array-api-nvidia-fast_20260603T151109Z.json,classification,sklearn,cuda,make_classification,torch,{},"{""format"":""torch"",""generation_kwargs"":{""n_classes"":2,""n_features"":2000,""n_informative"":100,""n_redundant"":0,""n_samples"":5000},""source"":""make_classification"",""split_kwargs"":{""test_size"":0.2}}","{""n_classes"":2,""n_features"":2000,""n_informative"":100,""n_redundant"":0,""n_samples"":5000}","{""test_size"":0.2}"
sklearn,sklearn-cupy-cuda,predict,Ridge,4.790319980293503,2.260122027269249,1.5747649999866553,0.3287389999968582,False,2026-06-03T15:22:12+00:00,2026-06-03T15:11:09+00:00,results/sklearn-84397f/sklearn-fast_20260603T152212Z.json,results/sk-nvidia-61e5b4/array-api-nvidia-fast_20260603T151109Z.json,regression,sklearn,cuda,make_regression,cupy,"{""solver"":""svd""}","{""format"":""cupy"",""generation_kwargs"":{""n_features"":2,""n_informative"":2,""n_samples"":5000000},""order"":""C"",""source"":""make_regression"",""split_kwargs"":{""test_size"":0.2}}","{""n_features"":2,""n_informative"":2,""n_samples"":5000000}","{""test_size"":0.2}"
sklearn,sklearn-cupy-cuda,predict,Ridge,4.634728289240557,2.212484763391184,1.4927949999901102,0.3220890000079635,False,2026-06-03T15:22:12+00:00,2026-06-03T15:11:09+00:00,results/sklearn-84397f/sklearn-fast_20260603T152212Z.json,results/sk-nvidia-61e5b4/array-api-nvidia-fast_20260603T151109Z.json,regression,sklearn,cuda,make_regression,cupy,"{""solver"":""svd""}","{""format"":""cupy"",""generation_kwargs"":{""n_features"":20,""n_informative"":5,""n_samples"":500000},""order"":""C"",""source"":""make_regression"",""split_kwargs"":{""test_size"":0.2}}","{""n_features"":20,""n_informative"":5,""n_samples"":500000}","{""test_size"":0.2}"
sklearn,sklearn-cupy-cuda,predict,Ridge,8.014681928094717,3.002645266497617,2.563487999964309,0.3198489999931553,False,2026-06-03T15:22:12+00:00,2026-06-03T15:11:09+00:00,results/sklearn-84397f/sklearn-fast_20260603T152212Z.json,results/sk-nvidia-61e5b4/array-api-nvidia-fast_20260603T151109Z.json,regression,sklearn,cuda,make_regression,cupy,"{""solver"":""svd""}","{""format"":""cupy"",""generation_kwargs"":{""n_features"":200,""n_informative"":40,""n_samples"":50000},""order"":""C"",""source"":""make_regression"",""split_kwargs"":{""test_size"":0.2}}","{""n_features"":200,""n_informative"":40,""n_samples"":50000}","{""test_size"":0.2}"
sklearn,sklearn-cupy-cuda,predict,Ridge,28.283837373657846,4.821905964128503,9.293474999935825,0.3285789999836197,False,2026-06-03T15:22:12+00:00,2026-06-03T15:11:09+00:00,results/sklearn-84397f/sklearn-fast_20260603T152212Z.json,results/sk-nvidia-61e5b4/array-api-nvidia-fast_20260603T151109Z.json,regression,sklearn,cuda,make_regression,cupy,"{""solver"":""svd""}","{""format"":""cupy"",""generation_kwargs"":{""n_features"":2000,""n_informative"":100,""n_samples"":5000},""order"":""C"",""source"":""make_regression"",""split_kwargs"":{""test_size"":0.2}}","{""n_features"":2000,""n_informative"":100,""n_samples"":5000}","{""test_size"":0.2}"
sklearn,sklearn-torch-cpu,predict,Ridge,0.7745230930924257,-0.3686198400000343,1.5747649999866553,2.0332059999645935,False,2026-06-03T15:22:12+00:00,2026-06-03T15:14:11+00:00,results/sklearn-84397f/sklearn-fast_20260603T152212Z.json,results/sk-nvidia-61e5b4/array-api-cpu-fast_20260603T151411Z.json,regression,sklearn,cpu,make_regression,torch,"{""solver"":""svd""}","{""format"":""torch"",""generation_kwargs"":{""n_features"":2,""n_informative"":2,""n_samples"":5000000},""order"":""C"",""source"":""make_regression"",""split_kwargs"":{""test_size"":0.2}}","{""n_features"":2,""n_informative"":2,""n_samples"":5000000}","{""test_size"":0.2}"
sklearn,sklearn-torch-cpu,predict,Ridge,1.7864562512935238,0.8371005840520945,1.4927949999901102,0.8356180001101166,False,2026-06-03T15:22:12+00:00,2026-06-03T15:14:11+00:00,results/sklearn-84397f/sklearn-fast_20260603T152212Z.json,results/sk-nvidia-61e5b4/array-api-cpu-fast_20260603T151411Z.json,regression,sklearn,cpu,make_regression,torch,"{""solver"":""svd""}","{""format"":""torch"",""generation_kwargs"":{""n_features"":20,""n_informative"":5,""n_samples"":500000},""order"":""C"",""source"":""make_regression"",""split_kwargs"":{""test_size"":0.2}}","{""n_features"":20,""n_informative"":5,""n_samples"":500000}","{""test_size"":0.2}"
sklearn,sklearn-torch-cpu,predict,Ridge,4.326897953513439,2.113333096332685,2.563487999964309,0.5924539999568879,False,2026-06-03T15:22:12+00:00,2026-06-03T15:14:11+00:00,results/sklearn-84397f/sklearn-fast_20260603T152212Z.json,results/sk-nvidia-61e5b4/array-api-cpu-fast_20260603T151411Z.json,regression,sklearn,cpu,make_regression,torch,"{""solver"":""svd""}","{""format"":""torch"",""generation_kwargs"":{""n_features"":200,""n_informative"":40,""n_samples"":50000},""order"":""C"",""source"":""make_regression"",""split_kwargs"":{""test_size"":0.2}}","{""n_features"":200,""n_informative"":40,""n_samples"":50000}","{""test_size"":0.2}"
sklearn,sklearn-torch-cpu,predict,Ridge,16.314159221208115,4.028052732415226,9.293474999935825,0.5696570000282009,False,2026-06-03T15:22:12+00:00,2026-06-03T15:14:11+00:00,results/sklearn-84397f/sklearn-fast_20260603T152212Z.json,results/sk-nvidia-61e5b4/array-api-cpu-fast_20260603T151411Z.json,regression,sklearn,cpu,make_regression,torch,"{""solver"":""svd""}","{""format"":""torch"",""generation_kwargs"":{""n_features"":2000,""n_informative"":100,""n_samples"":5000},""order"":""C"",""source"":""make_regression"",""split_kwargs"":{""test_size"":0.2}}","{""n_features"":2000,""n_informative"":100,""n_samples"":5000}","{""test_size"":0.2}"
sklearn,sklearn-torch-cuda,predict,Ridge,5.279007867036598,2.4002668159850953,1.5747649999866553,0.29830700003685706,False,2026-06-03T15:22:12+00:00,2026-06-03T15:11:09+00:00,results/sklearn-84397f/sklearn-fast_20260603T152212Z.json,results/sk-nvidia-61e5b4/array-api-nvidia-fast_20260603T151109Z.json,regression,sklearn,cuda,make_regression,torch,"{""solver"":""svd""}","{""format"":""torch"",""generation_kwargs"":{""n_features"":2,""n_informative"":2,""n_samples"":5000000},""order"":""C"",""source"":""make_regression"",""split_kwargs"":{""test_size"":0.2}}","{""n_features"":2,""n_informative"":2,""n_samples"":5000000}","{""test_size"":0.2}"
sklearn,sklearn-torch-cuda,predict,Ridge,4.981662428183065,2.316627263713119,1.4927949999901102,0.2996580000171889,False,2026-06-03T15:22:12+00:00,2026-06-03T15:11:09+00:00,results/sklearn-84397f/sklearn-fast_20260603T152212Z.json,results/sk-nvidia-61e5b4/array-api-nvidia-fast_20260603T151109Z.json,regression,sklearn,cuda,make_regression,torch,"{""solver"":""svd""}","{""format"":""torch"",""generation_kwargs"":{""n_features"":20,""n_informative"":5,""n_samples"":500000},""order"":""C"",""source"":""make_regression"",""split_kwargs"":{""test_size"":0.2}}","{""n_features"":20,""n_informative"":5,""n_samples"":500000}","{""test_size"":0.2}"
sklearn,sklearn-torch-cuda,predict,Ridge,8.3711744189584,3.0654300372977534,2.563487999964309,0.3062279999994644,False,2026-06-03T15:22:12+00:00,2026-06-03T15:11:09+00:00,results/sklearn-84397f/sklearn-fast_20260603T152212Z.json,results/sk-nvidia-61e5b4/array-api-nvidia-fast_20260603T151109Z.json,regression,sklearn,cuda,make_regression,torch,"{""solver"":""svd""}","{""format"":""torch"",""generation_kwargs"":{""n_features"":200,""n_informative"":40,""n_samples"":50000},""order"":""C"",""source"":""make_regression"",""split_kwargs"":{""test_size"":0.2}}","{""n_features"":200,""n_informative"":40,""n_samples"":50000}","{""test_size"":0.2}"
sklearn,sklearn-torch-cuda,predict,Ridge,30.443559612116548,4.928065150657404,9.293474999935825,0.30526900002314505,False,2026-06-03T15:22:12+00:00,2026-06-03T15:11:09+00:00,results/sklearn-84397f/sklearn-fast_20260603T152212Z.json,results/sk-nvidia-61e5b4/array-api-nvidia-fast_20260603T151109Z.json,regression,sklearn,cuda,make_regression,torch,"{""solver"":""svd""}","{""format"":""torch"",""generation_kwargs"":{""n_features"":2000,""n_informative"":100,""n_samples"":5000},""order"":""C"",""source"":""make_regression"",""split_kwargs"":{""test_size"":0.2}}","{""n_features"":2000,""n_informative"":100,""n_samples"":5000}","{""test_size"":0.2}"
sklearn,sklearn-cupy-cuda,predict,RidgeClassifier,5.130026266846016,2.3589662127624407,3.421706999915841,0.6669960000067476,False,2026-06-03T15:22:12+00:00,2026-06-03T15:11:09+00:00,results/sklearn-84397f/sklearn-fast_20260603T152212Z.json,results/sk-nvidia-61e5b4/array-api-nvidia-fast_20260603T151109Z.json,classification,sklearn,cuda,make_classification,cupy,"{""solver"":""svd""}","{""format"":""cupy"",""generation_kwargs"":{""n_classes"":2,""n_features"":2,""n_informative"":2,""n_redundant"":0,""n_samples"":5000000},""source"":""make_classification"",""split_kwargs"":{""test_size"":0.2}}","{""n_classes"":2,""n_features"":2,""n_informative"":2,""n_redundant"":0,""n_samples"":5000000}","{""test_size"":0.2}"
sklearn,sklearn-cupy-cuda,predict,RidgeClassifier,2.291977311155706,1.1965927625742407,1.5629360000275483,0.681915999962257,False,2026-06-03T15:22:12+00:00,2026-06-03T15:11:09+00:00,results/sklearn-84397f/sklearn-fast_20260603T152212Z.json,results/sk-nvidia-61e5b4/array-api-nvidia-fast_20260603T151109Z.json,classification,sklearn,cuda,make_classification,cupy,"{""solver"":""svd""}","{""format"":""cupy"",""generation_kwargs"":{""n_classes"":2,""n_features"":20,""n_informative"":5,""n_redundant"":0,""n_samples"":500000},""source"":""make_classification"",""split_kwargs"":{""test_size"":0.2}}","{""n_classes"":2,""n_features"":20,""n_informative"":5,""n_redundant"":0,""n_samples"":500000}","{""test_size"":0.2}"
sklearn,sklearn-cupy-cuda,predict,RidgeClassifier,3.1656235819701246,1.662489717663785,2.099622000059753,0.6632569999851512,False,2026-06-03T15:22:12+00:00,2026-06-03T15:11:09+00:00,results/sklearn-84397f/sklearn-fast_20260603T152212Z.json,results/sk-nvidia-61e5b4/array-api-nvidia-fast_20260603T151109Z.json,classification,sklearn,cuda,make_classification,cupy,"{""solver"":""svd""}","{""format"":""cupy"",""generation_kwargs"":{""n_classes"":2,""n_features"":200,""n_informative"":40,""n_redundant"":0,""n_samples"":50000},""source"":""make_classification"",""split_kwargs"":{""test_size"":0.2}}","{""n_classes"":2,""n_features"":200,""n_informative"":40,""n_redundant"":0,""n_samples"":50000}","{""test_size"":0.2}"
sklearn,sklearn-cupy-cuda,predict,RidgeClassifier,13.799876248644596,3.7865834244801357,9.411625999973694,0.6820079999556583,False,2026-06-03T15:22:12+00:00,2026-06-03T15:11:09+00:00,results/sklearn-84397f/sklearn-fast_20260603T152212Z.json,results/sk-nvidia-61e5b4/array-api-nvidia-fast_20260603T151109Z.json,classification,sklearn,cuda,make_classification,cupy,"{""solver"":""svd""}","{""format"":""cupy"",""generation_kwargs"":{""n_classes"":2,""n_features"":2000,""n_informative"":100,""n_redundant"":0,""n_samples"":5000},""source"":""make_classification"",""split_kwargs"":{""test_size"":0.2}}","{""n_classes"":2,""n_features"":2000,""n_informative"":100,""n_redundant"":0,""n_samples"":5000}","{""test_size"":0.2}"
sklearn,sklearn-torch-cpu,predict,RidgeClassifier,0.8596076667702895,-0.21824974478552003,3.421706999915841,3.980544999990343,False,2026-06-03T15:22:12+00:00,2026-06-03T15:14:11+00:00,results/sklearn-84397f/sklearn-fast_20260603T152212Z.json,results/sk-nvidia-61e5b4/array-api-cpu-fast_20260603T151411Z.json,classification,sklearn,cpu,make_classification,torch,"{""solver"":""svd""}","{""format"":""torch"",""generation_kwargs"":{""n_classes"":2,""n_features"":2,""n_informative"":2,""n_redundant"":0,""n_samples"":5000000},""source"":""make_classification"",""split_kwargs"":{""test_size"":0.2}}","{""n_classes"":2,""n_features"":2,""n_informative"":2,""n_redundant"":0,""n_samples"":5000000}","{""test_size"":0.2}"
sklearn,sklearn-torch-cpu,predict,RidgeClassifier,1.315404497161324,0.395506507741104,1.5629360000275483,1.1881789999961256,False,2026-06-03T15:22:12+00:00,2026-06-03T15:14:11+00:00,results/sklearn-84397f/sklearn-fast_20260603T152212Z.json,results/sk-nvidia-61e5b4/array-api-cpu-fast_20260603T151411Z.json,classification,sklearn,cpu,make_classification,torch,"{""solver"":""svd""}","{""format"":""torch"",""generation_kwargs"":{""n_classes"":2,""n_features"":20,""n_informative"":5,""n_redundant"":0,""n_samples"":500000},""source"":""make_classification"",""split_kwargs"":{""test_size"":0.2}}","{""n_classes"":2,""n_features"":20,""n_informative"":5,""n_redundant"":0,""n_samples"":500000}","{""test_size"":0.2}"
sklearn,sklearn-torch-cpu,predict,RidgeClassifier,2.2805964509654486,1.1894111859321503,2.099622000059753,0.9206459999404615,False,2026-06-03T15:22:12+00:00,2026-06-03T15:14:11+00:00,results/sklearn-84397f/sklearn-fast_20260603T152212Z.json,results/sk-nvidia-61e5b4/array-api-cpu-fast_20260603T151411Z.json,classification,sklearn,cpu,make_classification,torch,"{""solver"":""svd""}","{""format"":""torch"",""generation_kwargs"":{""n_classes"":2,""n_features"":200,""n_informative"":40,""n_redundant"":0,""n_samples"":50000},""source"":""make_classification"",""split_kwargs"":{""test_size"":0.2}}","{""n_classes"":2,""n_features"":200,""n_informative"":40,""n_redundant"":0,""n_samples"":50000}","{""test_size"":0.2}"
sklearn,sklearn-torch-cpu,predict,RidgeClassifier,10.284142974175305,3.3623496672213427,9.411625999973694,0.9151589999873977,False,2026-06-03T15:22:12+00:00,2026-06-03T15:14:11+00:00,results/sklearn-84397f/sklearn-fast_20260603T152212Z.json,results/sk-nvidia-61e5b4/array-api-cpu-fast_20260603T151411Z.json,classification,sklearn,cpu,make_classification,torch,"{""solver"":""svd""}","{""format"":""torch"",""generation_kwargs"":{""n_classes"":2,""n_features"":2000,""n_informative"":100,""n_redundant"":0,""n_samples"":5000},""source"":""make_classification"",""split_kwargs"":{""test_size"":0.2}}","{""n_classes"":2,""n_features"":2000,""n_informative"":100,""n_redundant"":0,""n_samples"":5000}","{""test_size"":0.2}"
sklearn,sklearn-torch-cuda,predict,RidgeClassifier,5.3495851447812335,2.4194270162290885,3.421706999915841,0.6396210000048086,False,2026-06-03T15:22:12+00:00,2026-06-03T15:11:09+00:00,results/sklearn-84397f/sklearn-fast_20260603T152212Z.json,results/sk-nvidia-61e5b4/array-api-nvidia-fast_20260603T151109Z.json,classification,sklearn,cuda,make_classification,torch,"{""solver"":""svd""}","{""format"":""torch"",""generation_kwargs"":{""n_classes"":2,""n_features"":2,""n_informative"":2,""n_redundant"":0,""n_samples"":5000000},""source"":""make_classification"",""split_kwargs"":{""test_size"":0.2}}","{""n_classes"":2,""n_features"":2,""n_informative"":2,""n_redundant"":0,""n_samples"":5000000}","{""test_size"":0.2}"
sklearn,sklearn-torch-cuda,predict,RidgeClassifier,2.441885281480329,1.2879954248433303,1.5629360000275483,0.640052999983709,False,2026-06-03T15:22:12+00:00,2026-06-03T15:11:09+00:00,results/sklearn-84397f/sklearn-fast_20260603T152212Z.json,results/sk-nvidia-61e5b4/array-api-nvidia-fast_20260603T151109Z.json,classification,sklearn,cuda,make_classification,torch,"{""solver"":""svd""}","{""format"":""torch"",""generation_kwargs"":{""n_classes"":2,""n_features"":20,""n_informative"":5,""n_redundant"":0,""n_samples"":500000},""source"":""make_classification"",""split_kwargs"":{""test_size"":0.2}}","{""n_classes"":2,""n_features"":20,""n_informative"":5,""n_redundant"":0,""n_samples"":500000}","{""test_size"":0.2}"
sklearn,sklearn-torch-cuda,predict,RidgeClassifier,3.302881575285659,1.7237252427657372,2.099622000059753,0.6356939999818678,False,2026-06-03T15:22:12+00:00,2026-06-03T15:11:09+00:00,results/sklearn-84397f/sklearn-fast_20260603T152212Z.json,results/sk-nvidia-61e5b4/array-api-nvidia-fast_20260603T151109Z.json,classification,sklearn,cuda,make_classification,torch,"{""solver"":""svd""}","{""format"":""torch"",""generation_kwargs"":{""n_classes"":2,""n_features"":200,""n_informative"":40,""n_redundant"":0,""n_samples"":50000},""source"":""make_classification"",""split_kwargs"":{""test_size"":0.2}}","{""n_classes"":2,""n_features"":200,""n_informative"":40,""n_redundant"":0,""n_samples"":50000}","{""test_size"":0.2}"
sklearn,sklearn-torch-cuda,predict,RidgeClassifier,13.154374366777045,3.7174707292207354,9.411625999973694,0.7154749999926935,False,2026-06-03T15:22:12+00:00,2026-06-03T15:11:09+00:00,results/sklearn-84397f/sklearn-fast_20260603T152212Z.json,results/sk-nvidia-61e5b4/array-api-nvidia-fast_20260603T151109Z.json,classification,sklearn,cuda,make_classification,torch,"{""solver"":""svd""}","{""format"":""torch"",""generation_kwargs"":{""n_classes"":2,""n_features"":2000,""n_informative"":100,""n_redundant"":0,""n_samples"":5000},""source"":""make_classification"",""split_kwargs"":{""test_size"":0.2}}","{""n_classes"":2,""n_features"":2000,""n_informative"":100,""n_redundant"":0,""n_samples"":5000}","{""test_size"":0.2}"
